﻿{"PageCustomizations":[],"Profiles":[{"Properties":[{"Value":"Accounting Manager","Name":"Caption"},{"Value":"Functionality for internal finance staff overseeing the company books, such as processing general ledger transactions, reviewing and approving accounts receivable, accounts payable, payroll, and bank transactions, and reviewing aging reports.","Name":"ProfileDescription"},{"Value":"Accounting Manager Role Center","Name":"RoleCenter"},{"Value":"0","Name":"Enabled"}],"Name":"ACCOUNTING MANAGER"}],"AppId":"00000000-0000-0000-0000-000000000000"}