﻿{"PageCustomizations":[],"Profiles":[{"Properties":[{"Value":"Accounts Payable Coordinator","Name":"Caption"},{"Value":"Functionality for finance staff coordinating AP work, such as verifying paperwork, applying criteria from the accounting manager to determine which invoices to pay, processing supplier payments, and reconciling bank statements.","Name":"ProfileDescription"},{"Value":"Acc. Payables Coordinator RC","Name":"RoleCenter"},{"Value":"0","Name":"Enabled"}],"Name":"AP COORDINATOR"}],"AppId":"00000000-0000-0000-0000-000000000000"}