﻿{"PageCustomizations":[],"Profiles":[{"Properties":[{"Value":"Machine Operator - Manufacturing Comprehensive","Name":"Caption"},{"Value":"Functionality for employees executing production operations, such as extracting production specifications and reporting consumption and output as operations are performed.","Name":"ProfileDescription"},{"Value":"Machine Operator Role Center","Name":"RoleCenter"},{"Value":"0","Name":"Enabled"}],"Name":"MACHINE OPERATOR"}],"AppId":"00000000-0000-0000-0000-000000000000"}