﻿{"PageCustomizations":[],"Profiles":[{"Properties":[{"Value":"RapidStart Services Implementer","Name":"Caption"},{"Value":"Functionality to help internal or external IT staff to implement and set up Business Central quickly and correcty using a toolset designed to speed up deployment time, improve quality of implementation, and enable productivity by automating and simplifying recurring tasks.","Name":"ProfileDescription"},{"Value":"RapidStart Services RC","Name":"RoleCenter"},{"Value":"0","Name":"Enabled"}],"Name":"RAPIDSTART SERVICES"}],"AppId":"00000000-0000-0000-0000-000000000000"}